{"base_files_url": "https://raw.githubusercontent.com/Schermobianco/MiSTer_Wallpapers_DB/defa756e10d8fdf055fd0eb3a111724c9a14dcfe/", "db_files": ["db.json.zip"], "db_id": "Schermobianco/MiSTer_Wallpapers_DB", "db_url": "https://raw.githubusercontent.com/Schermobianco/MiSTer_Wallpapers_DB/db/db.json.zip", "default_options": {}, "files": {"wallpapers/1280x1024_CRTfx_WS/486sx CutOut CRTfx.png": {"hash": "e62939e4de5dc340655318544ac01c09", "size": 2422274, "tags": [19]}, "wallpapers/1280x1024_CRTfx_WS/c64 CutOut CRTfx.png": {"hash": "e216a68b53451905827e46e0c49f23d5", "size": 1299066, "tags": [19]}, "wallpapers/1280x1024_CRTfx_WS/md CutOut CRTfx.png": {"hash": "3898c008fef57f1a9663d5cae3c9ebb5", "size": 1487609, "tags": [19]}, "wallpapers/1280x1024_CRTfx_WS/ms CutOut CRTfx.png": {"hash": "2cea946674c3d8c1ddfc0f0c75328ea6", "size": 1072459, "tags": [19]}, "wallpapers/1280x1024_CRTfx_WS/nes CutOut CRTfx.png": {"hash": "f1181c75de887ebb7b1e051ea6da5f4d", "size": 807517, "tags": [19]}, "wallpapers/1280x1024_CRTfx_WS/pce CutOut CRTfx.png": {"hash": "1be08c4962cb9d0e220d0f3f36948942", "size": 1251636, "tags": [19]}, "wallpapers/1280x1024_CRTfx_WS/psx CutOut CRTfx.png": {"hash": "39c6527f28673aad2c8bd64a313a1f82", "size": 1566595, "tags": [19]}, "wallpapers/1280x1024_CRTfx_WS/sf CutOut CRTfx.png": {"hash": "499be76d58f0eb6885afb575650e3f3a", "size": 1251028, "tags": [19]}, "wallpapers/1280x1024_CRTfx_WS/snes CutOut CRTfx.png": {"hash": "3ae99e14e64f45e88bc0e2f388566824", "size": 644953, "tags": [19]}, "wallpapers/1280x1024_CRTfx_WS/zx CutOut CRTfx.png": {"hash": "acab669fb8255ca5cd44e249c2199d72", "size": 448112, "tags": [19]}, "wallpapers/1280x1024_WS/486sx CutOut.jpg": {"hash": "fa3428fecb0396c61f9f20c41362a9af", "size": 1140864, "tags": [19]}, "wallpapers/1280x1024_WS/c64 CutOut.jpg": {"hash": "a10a694d00397a3035f6bb5ec0a5909b", "size": 263993, "tags": [19]}, "wallpapers/1280x1024_WS/md CutOut.jpg": {"hash": "78d4ca6daea213f3ff55464e1532cddd", "size": 370318, "tags": [19]}, "wallpapers/1280x1024_WS/ms CutOut.jpg": {"hash": "597e80e924215bb1abb54ac9baee2328", "size": 292982, "tags": [19]}, "wallpapers/1280x1024_WS/nes CutOut.jpg": {"hash": "1c9f0f8ef87fcce621d96e93d4949931", "size": 218832, "tags": [19]}, "wallpapers/1280x1024_WS/pce CutOut.jpg": {"hash": "2fb4106ac1fc47ef27ee09d5b4a27943", "size": 441225, "tags": [19]}, "wallpapers/1280x1024_WS/psx CutOut.jpg": {"hash": "8173da0c4d60846ff7172531a0fc74e1", "size": 413641, "tags": [19]}, "wallpapers/1280x1024_WS/sf CutOut.jpg": {"hash": "0ee9d848de8a83d8b73e581175f69302", "size": 402587, "tags": [19]}, "wallpapers/1280x1024_WS/snes CutOut.jpg": {"hash": "ed129a81cb43a2162dee41c4e771a501", "size": 230439, "tags": [19]}, "wallpapers/1280x1024_WS/zx CutOut.jpg": {"hash": "c6029e420aad4d94ec68e13c35db414b", "size": 146307, "tags": [19]}}, "folders": {"wallpapers": {"tags": [19]}, "wallpapers/1280x1024_CRTfx_WS": {"tags": [19, 20]}, "wallpapers/1280x1024_WS": {"tags": [19, 21]}}, "latest_zip_url": "", "tag_dictionary": {"1280x1024crtfxws": 20, "1280x1024ws": 21, "wallpapers": 19}, "timestamp": 1664616811, "zips": {}}